ID;Datum;Uur;Lengte (mm);Gewicht (g);Diameter oog (vertikaal - mm);Diameter oog (horizontaal - mm);Lengte borstvin (mm);Index;Stadium;Vangstlocatie;Zendernummer;Opmerkingen
1;17/04/15;12:22:47;355;63;3,5;4;14;47,2235;I;Lepelstraat (Rupelmonde);;Zonder schuifmaat
2;17/04/15;12:26:57;511;208,9;3,5;4;20;73,64975;FII;Lepelstraat (Rupelmonde);;Zonder schuifmaat
3;17/04/15;12:30:11;355;65,3;3;3,5;16;45,4301;I;Lepelstraat (Rupelmonde);;Zonder schuifmaat
4;17/04/15;12:32:24;570;361,3;5;6;29;90,613;FII;Lepelstraat (Rupelmonde);;Zonder schuifmaat
5;17/04/15;12:35:31;682;673,7;6,5;7;32;95,6891;FIII;Lepelstraat (Rupelmonde);;"Zonder schuifmaat; ontstoken anus"
6;17/04/15;12:37:02;582;331,1;5,5;6;24;95,28675;FII;Lepelstraat (Rupelmonde);;Zonder schuifmaat
7;17/04/15;12:37:29;370;106,3;3;4;18,00;47,2466;I;Lepelstraat (Rupelmonde);;Zonder schuifmaat
8;17/04/15;12:39:25;600;383;6;7;28,00;102,643;FIII;Lepelstraat (Rupelmonde);;Zonder schuifmaat
9;17/04/15;12:43:26;546;277,3;5;6;21;87,545;FII;Lepelstraat (Rupelmonde);;Zonder schuifmaat
10;17/04/15;12:45:02;354;80;4;3,2;15;44,9276;I;Lepelstraat (Rupelmonde);;Zonder schuifmaat
11;17/04/15;12:47:09;641;552,1;5;6;29;87,069;FII;Lepelstraat (Rupelmonde);;Zonder schuifmaat
12;17/04/15;12:49:10;636;449,8;6;6;32;104,4134;FIII;Lepelstraat (Rupelmonde);28264;Zonder schuifmaat
13;17/04/15;13:24:11;545;294;4;4,5;26;81,07775;FII;Lepelstraat (Rupelmonde);;Zonder schuifmaat
14;17/04/15;13:28:48;685;446,5;6,5;7;32;125,3835;FIII;Lepelstraat (Rupelmonde);28265;Zonder schuifmaat
15;21/05/15;11:42:42;477;163,2;4,99;5,42;22,54;81,409055;FII;STUW DIJLE (MECHELEN NEKKERSPOEL);;
16;21/05/15;11:52:00;696;773,5;7,86;7,94;29,42;94,35914;FIII;STUW DIJLE (MECHELEN NEKKERSPOEL);34461;Hervangst 1ste gezenderde paling Dijle
17;21/05/15;12:00:08;505;217,6;5,25;5,92;22,78;85,336435;FII;STUW DIJLE (MECHELEN NEKKERSPOEL);;
18;21/05/15;12:01:58;467;168,3;5,44;5,12;21,39;77,44488;FII;STUW DIJLE (MECHELEN NEKKERSPOEL);;
19;21/05/15;12:30:41;735;903,2;8,52;9,55;33,06;104,417745;FIV;STUW DIJLE (MECHELEN NEKKERSPOEL);58623;
20;21/05/15;12:25:29;434;134,3;5,32;5,99;19,73;73,350925;FII;STUW DIJLE (MECHELEN NEKKERSPOEL);;
21;21/05/15;12:27:57;508;240,6;5,32;6,3;25,65;87,21557;FII;STUW DIJLE (MECHELEN NEKKERSPOEL);;
22;21/05/15;12:42:17;625;422,2;6,54;7,82;26,91;109,56966;FIII;STUW DIJLE (MECHELEN NEKKERSPOEL);58618;
23;21/05/15;12:52:23;543;241,8;5,76;5,91;22,12;94,283105;FII;STUW DIJLE (MECHELEN NEKKERSPOEL);;
24;22/05/15;8:39:07;725;775,2;7,88;8,52;33,7;110,0546;FIII;STUW DIJLE (MECHELEN NEKKERSPOEL);;foto 3
25;22/05/15;09:10:56;679;655,5;7,47;8,02;30,48;104,42632;FIII;STUW DIJLE (MECHELEN NEKKERSPOEL);58613;foto1
26;22/05/15;09:15:58;762;812,9;8,58;8,9;34,18;121,11238;FIII;STUW DIJLE (MECHELEN NEKKERSPOEL);58612;foto2
27;22/05/15;9:39:39;656;514,8;7,42;7,67;29,04;112,33154;FIII;STUW DIJLE (MECHELEN NEKKERSPOEL);58617;
28;22/05/15;09:52:41;327;63;3,62;3,99;14,94;41,32969;I;STUW DIJLE (MECHELEN NEKKERSPOEL);;
29;22/05/15;09:56:39;500;215,3;5,81;5,85;19,63;83,17785;FII;STUW DIJLE (MECHELEN NEKKERSPOEL);;
30;22/05/15;09:58:42;670;616,8;7,45;8,44;30,3;108,43006;FIII;STUW DIJLE (MECHELEN NEKKERSPOEL);58622;
31;22/05/15;10:02:24;483;211;4,88;5;19,36;72,72906;FII;STUW DIJLE (MECHELEN NEKKERSPOEL);;
32;22/05/15;10:04:13;536;279;5,99;6,23;25;91,86697;FII;STUW DIJLE (MECHELEN NEKKERSPOEL);;
33;22/05/15;10:23:23;693;688,4;7,64;8,52;30,07;106,73458;FIII;STUW DIJLE (MECHELEN NEKKERSPOEL);58621;
34;22/05/15;10:30:15;538;288,2;6,12;7,56;23,71;95,34854;FIII;STUW DIJLE (MECHELEN NEKKERSPOEL);;
35;22/05/15;10:32:06;530;306,4;5,94;6,91;22,41;86,643055;FII;STUW DIJLE (MECHELEN NEKKERSPOEL);;
36;22/05/15;10:34:27;516;283,6;4,81;5,12;21,21;74,808035;FII;STUW DIJLE (MECHELEN NEKKERSPOEL);;
37;22/05/15;10:36:16;398;118,6;4,26;4,92;17,94;58,7025;I;STUW DIJLE (MECHELEN NEKKERSPOEL);;
38;22/05/15;10:46:50;619;448;7,5;7,84;31,99;115,08054;FIII;STUW DIJLE (MECHELEN NEKKERSPOEL);58616;
39;22/05/15;11:02:59;728;858;7,59;8,55;33,69;99,18314;FIII;STUW DIJLE (MECHELEN NEKKERSPOEL);58611;
40;06/06/15;16:05:38;695;778;7;7,78;32,54;92,5504;FIII;KILLEWEG (DENDERMONDE);28266;
41;06/06/15;16:35:22;265;27;1,92;1,94;9,64;16,56074;I;KILLEWEG (DENDERMONDE);;
42;06/06/15;16:39:45;200;17;1,95;2,09;6,89;0,72138;I;KILLEWEG (DENDERMONDE);;
43;06/06/15;16:43:27;298;45;2,77;2,91;12,18;29,20916;I;KILLEWEG (DENDERMONDE);;
44;06/06/15;16:50:12;274;33;2,22;3,14;11,06;23,12212;I;KILLEWEG (DENDERMONDE);;
45;06/06/15;16:55:07;638;539;7,03;7,36;33,78;106,63302;FIII;KILLEWEG (DENDERMONDE);28267;
46;06/06/15;17:08:48;570;283;6,33;6,78;26,13;105,2336;FIII;KILLEWEG (DENDERMONDE);;
47;06/06/15;17:09:53;491;208;5,56;6,02;21,1;82,48313;FII;KILLEWEG (DENDERMONDE);;
48;06/06/15;17:11:28;578;337;6,58;6,87;28,45;104,9062;FIII;KILLEWEG (DENDERMONDE);;
49;12/08/15;13:16:18;672;602,7;7,46;8,35;32,88;113,466;FIII;BERGENMEERSEN (WICHELEN);57448;
50;12/08/15;13:21:18;635;564,3;6,5;7,47;31,4;97,85408;FIII;BERGENMEERSEN (WICHELEN);57449;
51;12/08/15;13:39:35;662;621,9;8,03;8,52;30,09;108,29978;FIII;BERGENMEERSEN (WICHELEN);57450;
52;12/08/15;13:52:06;642;565,8;7,24;7,75;33,16;106,34898;FIII;BERGENMEERSEN (WICHELEN);57451;"Niet overleefd; zender er terug uitgehaald"
53;12/08/15;14:08:44;665;558,1;7,36;6,98;33,35;111,03136;FIII;BERGENMEERSEN (WICHELEN);57478;
54;18/08/15;14:55:11;654;735,8;9,05;9,92;41,11;123,45695;FV;VEERBOOT (KASTEL);57452;
55;18/08/15;15:06:37;670;595;7,9;8,4;31,7;114,7206;FIII;VEERBOOT (KASTEL);57453;
56;18/08/15;15:20:33;625;508;7,74;7,89;35,3;115,95806;FV;VEERBOOT (KASTEL);57451;
57;18/08/15;15:37:00;605;412;6,7;6,95;28,25;103,6156;FIII;VEERBOOT (KASTEL);;
58;18/08/15;15:42:08;626;407;7,18;7,62;32,1;119,9184;FIII;VEERBOOT (KASTEL);;
59;18/08/15;15:44:51;267;37,6;3,3;3,77;11,9;26,18891;I;VEERBOOT (KASTEL);;
60;18/08/15;15:46:31;583;375;6,85;7,33;31,3;108,17332;FIII;VEERBOOT (KASTEL);;
61;18/08/15;15:47:47;554;370;7,3;7,9;27,3;100,6054;FIII;VEERBOOT (KASTEL);;
62;18/08/15;15:50:59;398;95;3,8;4,6;16,85;58,4191;I;VEERBOOT (KASTEL);;
63;18/08/15;15:53:27;488;182;5,4;5,85;25,22;87,234235;FII;VEERBOOT (KASTEL);;
64;18/08/15;15:54:52;418;95;3,8;4;20,6;63,8978;I;VEERBOOT (KASTEL);;
65;18/08/15;15:57:21;416;115,8;4,25;4,5;19,4;63,06495;I;VEERBOOT (KASTEL);;
66;18/08/15;15:58:23;508;230;5,2;5,6;24,45;84,8179;FII;VEERBOOT (KASTEL);;
67;19/08/15;15:53:09;645;587;7,42;6,97;34,74;103,63174;FIII;VEERBOOT (KASTEL);57454;
68;19/08/15;16:08:30;350;70;3,9;3,93;14,69;46,59625;I;VEERBOOT (KASTEL);;
69;19/08/15;16:10:19;351;80;4;4,43;17,41;49,09213;I;VEERBOOT (KASTEL);;
70;19/08/15;16:11:58;601;341;4,86;6,33;27,91;101,732645;FII;VEERBOOT (KASTEL);;
71;19/08/15;16:19:26;321;48;3,1;3,68;13,21;38,13388;I;VEERBOOT (KASTEL);;
72;19/08/15;16:21:32;243;16;2,6;2,78;10,96;17,45018;I;VEERBOOT (KASTEL);;
73;19/08/15;16:25:03;613;421;5,71;6,6;27,72;98,716545;FII;VEERBOOT (KASTEL);;
74;19/08/15;16:32:32;248;29;2,87;3,52;11,53;20,40689;I;VEERBOOT (KASTEL);;
75;20/08/15;15:51:18;694;722;9,2;9,6;36,65;125,82925;FV;VEERBOOT (KASTEL);57455;
76;20/08/15;16:08:51;429;118;4,4;4,54;20,83;67,37824;I;VEERBOOT (KASTEL); ;
77;20/08/15;16:10:55;391;88;3,95;3,96;20,7;58,48623;I;VEERBOOT (KASTEL); ;
78;20/08/15;16:12:48;404;96;3,68;4,2;19,67;60,05262;I;VEERBOOT (KASTEL); ;
79;20/08/15;16:53:50;349;66;3,75;4,1;17,4;48,50565;I;VEERBOOT (KASTEL); ;
80;20/08/15;16:55:13;639;409;7,7;8,15;30,3;125,9585;FIII;VEERBOOT (KASTEL); ;
81;20/08/15;16:56:05;630;399;6,3;6,7;33,5;115,512;FIII;VEERBOOT (KASTEL); ;
82;20/08/15;16:59:56;480;179;5,6;5,9;24,5;85,54625;FII;VEERBOOT (KASTEL); ;
83;20/08/15;17:07:09;703;701;9,1;9,2;33,7;122,3653;FV;VEERBOOT (KASTEL);57456;
84;20/08/15;17:14:34;646;270;6,8;7,9;27,9;137,4976;FIII;VEERBOOT (KASTEL);;
85;20/08/15;17:16:25;354;72;4,4;4,7;17,4;52,5339;I;VEERBOOT (KASTEL);;
86;20/08/15;17:17:09;369;82;4;4,2;17,5;52,6496;I;VEERBOOT (KASTEL);;
87;20/08/15;17:17:46;357;72;4;4,05;16,4;49,73425;I;VEERBOOT (KASTEL);;
88;20/08/15;17:18:36;320;47;3,7;4;15;41,6501;I;VEERBOOT (KASTEL);;
89;20/08/15;17:19:11;390;97;4,7;4,8;18;60,0235;I;VEERBOOT (KASTEL);;
90;20/08/15;17:19:50;397;92;4,5;4,9;17,7;61,796;I;VEERBOOT (KASTEL);;
91;20/08/15;17:22:24;309;57;3,4;3,9;14,3;36,3691;I;VEERBOOT (KASTEL);;
92;20/08/15;17:29:29;575;447;8,05;8,1;31,2;107,939;FV;VEERBOOT (KASTEL);57457;
93;16/09/15;12:08:53;835;962,8;7,89;7,92;37,12;118,38498;FIII;RINGVAART (MERELBEKE);57458;
94;16/09/15;12:12:24;718;721,6;8,06;8,53;32,8;114,70326;FIII;RINGVAART (MERELBEKE);57459;
95;16/09/15;12:23:11;524;264,7;5,72;5,93;22,47;86,213635;FII;RINGVAART (MERELBEKE);;
96;16/09/15;12:26:16;444;158;5,28;5,62;21,63;73,48209;FII;RINGVAART (MERELBEKE);;
97;16/09/15;12:36:47;520;263;6,06;5,92;25,25;88,70523;FII;RINGVAART (MERELBEKE);;
98;16/09/15;12:39:50;759;818,1;7,72;8,53;40,32;121,26804;FIII;RINGVAART (MERELBEKE);57460;
99;16/09/15;12:47:53;743;761,1;8,28;8,45;35,74;120,7994;FIII;RINGVAART (MERELBEKE);57461;
100;16/09/15;12:58:01;644;566,5;7,34;8,5;33,2;110,73826;FIII;RINGVAART (MERELBEKE);57462;
101;16/09/15;13:09:06;745;788,8;7,81;7,83;36,93;114,28422;FIII;RINGVAART (MERELBEKE);57463;
102;16/09/15;13:18:40;425;137,5;4,97;5,76;16,75;66,76279;I;RINGVAART (MERELBEKE);;
103;16/09/15;13:21:10;540;246,7;5,61;6,76;24,57;97,185155;FII;RINGVAART (MERELBEKE);;
104;16/09/15;13:23:04;504;205,9;5,7;6,46;24,14;90,93298;FII;RINGVAART (MERELBEKE);;
105;17/09/15;12:07:10;551;317,3;6,14;6,57;26,45;94,208185;FII;RINGVAART (MERELBEKE);;
106;17/09/15;12:14:29;298;45,8;2,93;3,24;12,59;30,73327;I;RINGVAART (MERELBEKE);;
107;17/09/15;12:17:22;740;842,6;6,93;7,49;34,46;97,5762;FIII;RINGVAART (MERELBEKE);57464;
108;17/09/15;12:34:59;693;644,8;7,4;8,17;31,35;111,09788;FIII;RINGVAART (MERELBEKE);57465;
109;17/09/15;12:45:05;556;328;6,3;7,04;28,23;99,12822;FIII;RINGVAART (MERELBEKE);;
110;18/09/15;12:11:49;775;911,5;8,81;9,76;45,37;134,10041;FV;RINGVAART (MERELBEKE);57472;
111;18/09/15;12:21:03;495;189,1;5,89;6;23,88;89,346455;FII;RINGVAART (MERELBEKE);;
112;18/09/15;12:36:55;683;514,9;6,89;7,18;30,46;116,9122;FIII;RINGVAART (MERELBEKE);57473;
113;20/10/15;12:08:50;440;161;4,32;4,75;20,81;65,74445;I;RINGVAART (MERELBEKE);;
114;20/10/15;12:10:54;551;309;6,66;6,76;24,63;96,25034;FIII;RINGVAART (MERELBEKE);;
115;20/10/15;12:13:34;689;718;7,71;7,19;33,74;100,45528;FIII;RINGVAART (MERELBEKE);57474;Bewoog tijdens operatie
116;20/10/15;12:34:24;789;1052;8,1;8,31;36,3;95,93974;FIII;RINGVAART (MERELBEKE);57475;Bewoog tijdens operatie
117;20/10/15;12:39:50;427;160;4,5;5,18;19,31;63,47698;I;RINGVAART (MERELBEKE);;
118;20/10/15;12:55:34;559;333;5,86;5,87;27,49;92,157975;FII;RINGVAART (MERELBEKE);;
119;20/10/15;12:57:09;493;305;5,17;5,85;23,27;70,89303;FII;RINGVAART (MERELBEKE);;
120;20/10/15;12:59:00;491;242;4,93;5,9;22,96;77,306685;FII;RINGVAART (MERELBEKE);;
121;20/10/15;13:16:23;791;1029;8,6;9,2;38,32;108,4929;FIV;RINGVAART (MERELBEKE);57476;
122;20/10/15;14:16:58;730;785;7,62;7,89;35,17;107,89448;FIII;RINGVAART (MERELBEKE);57477;
123;21/10/15;12:50:54;403;102;4,89;5,08;19,15;64,63891;I;RINGVAART (MERELBEKE);;
124;21/10/15;12:52:25;615;397;6,42;6,75;27,71;105,4964;FIII;RINGVAART (MERELBEKE);;
125;21/10/15;12:58:20;737;816;7,25;7,36;34,24;100,71962;FIII;RINGVAART (MERELBEKE);57466;
126;21/10/15;13:41:03;272;31;2,89;3,1;11,32;24,76075;I;RINGVAART (MERELBEKE);;
127;21/10/15;13:46:04;748;869;8,45;8,48;37,64;111,6527;FIII;RINGVAART (MERELBEKE);57467;
128;21/10/15;14:02:32;754;767;7,82;8,51;33,3;118,42442;FIII;RINGVAART (MERELBEKE);57468;
129;21/10/15;14:10:36;490;192;5,48;5,63;21,37;82,866045;FII;RINGVAART (MERELBEKE);;
130;21/10/15;14:25:27;689;NA;NA;NA;NA;NA;NA;RINGVAART (MERELBEKE);;hervangst zonder tag
131;21/10/15;14:31:44;816;1329;8,88;9,13;38,71;84,802235;FIV;RINGVAART (MERELBEKE);57469;
132;21/10/15;14:42:57;625;395;6,76;7,11;26,01;109,7288;FIII;RINGVAART (MERELBEKE);;
133;22/10/15;12:44:01;564;325;6,37;6,96;30,33;104,18588;FIII;RINGVAART (MERELBEKE);;
134;22/10/15;12:58:07;637;519;9,15;10,09;32,97;135,69285;FV;RINGVAART (MERELBEKE);57470;
135;22/10/15;13:07:04;525;265;6,21;6,47;21,48;89,04542;FII;RINGVAART (MERELBEKE);;
136;22/10/15;13:09:56;479;196;6,34;6,86;22,22;86,85756;FII;RINGVAART (MERELBEKE);;
137;22/10/15;13:26:17;560;375;6,09;6,11;28,32;89,44686;FII;RINGVAART (MERELBEKE);;
138;22/10/15;13:36:18;783;1209;9,21;9,72;35,94;92,167155;FIV;RINGVAART (MERELBEKE);57471;
139;11/10/16;12:20:17;505;229,3;6,66;6,72;24,26;92,87274;FIII;RINGVAART (MERELBEKE);;
140;11/10/16;12:37:40;667;597,5;7,41;7,97;31,44;109,0661;FIII;RINGVAART (MERELBEKE);52666;
141;11/10/16;12:46:04;783;914,4;9,12;10,48;35,98;126,6428;FIV;RINGVAART (MERELBEKE);52664;
142;11/10/16;13:01:01;645;560;6,7;6,92;29,05;96,82858;FIII;RINGVAART (MERELBEKE);52665;
143;11/10/16;13:23:43;655;596;8,97;9,69;32,58;125,2405;FV;RINGVAART (MERELBEKE);52622;
144;11/10/16;13:34:55;886;1236,5;8,82;10,1;41,45;118,50502;FIV;RINGVAART (MERELBEKE);;hervangst:57458
145;11/10/16;13:41:35;496;199,6;5,34;6;20,16;83,38017;FII;RINGVAART (MERELBEKE);;
146;11/10/16;13:50:50;920;1303,2;10,37;11,06;43,22;136,518705;FIV;RINGVAART (MERELBEKE);52623;
147;11/10/16;13:53:14;412;115,8;5,17;5,21;20,37;67,21252;I;RINGVAART (MERELBEKE);;
148;11/10/16;14:06:26;524;230,2;5,84;6,64;22,46;93,26796;FII;RINGVAART (MERELBEKE);;
149;11/10/16;14:09:04;379;99,2;4,77;5,42;18,67;59,44865;I;RINGVAART (MERELBEKE);;
150;11/10/16;14:19:03;734;701,4;8,14;8,66;34,09;124,22978;FIII;RINGVAART (MERELBEKE);52624;
151;11/10/16;14:31:08;646;479,7;7,02;7,68;32,44;116,23198;FIII;RINGVAART (MERELBEKE);;
152;11/10/16;14:32:25;482;194,3;6,22;6,35;23,17;86,636655;FII;RINGVAART (MERELBEKE);;
153;11/10/16;14:35:24;591;330,7;6,57;6,99;26,06;107,02226;FIII;RINGVAART (MERELBEKE);;
154;11/10/16;14:42:54;536;296,5;6,17;7,47;24,93;94,99432;FIII;RINGVAART (MERELBEKE);;
155;11/10/16;14:46:49;666;462,2;7,92;8,44;29,63;128,2927;FIII;RINGVAART (MERELBEKE);52625;
156;12/10/16;11:16:11;381;95,3;4,54;4,54;18,87;57,39862;I;RINGVAART (MERELBEKE);;
157;12/10/16;11:24:14;574;393,2;6,61;7,06;26,33;95,14484;FIII;RINGVAART (MERELBEKE);;
158;12/10/16;11:29:13;820;1149;9,16;10,49;47,54;125,068475;FIV;RINGVAART (MERELBEKE);52626;
159;12/10/16;11:41:37;749;774,6;7,52;9,08;37,17;121,86314;FIII;RINGVAART (MERELBEKE);52627;
160;12/10/16;11:48:10;394;91;3,74;5,16;15,94;58,71086;I;RINGVAART (MERELBEKE);;
161;12/10/16;11:53:35;700;588,6;7,89;8,89;31,38;125,74108;FIII;RINGVAART (MERELBEKE);52628;
162;12/10/16;12:10:30;720;687,8;8,44;8,46;29,79;117,40978;FIII;RINGVAART (MERELBEKE);52629;
163;12/10/16;12:17:52;696;547;7,48;7,83;34,18;126,5195;FIII;RINGVAART (MERELBEKE);52630;
164;12/10/16;12:24:18;218;15;2,87;2,96;8,66;11,34383;I;RINGVAART (MERELBEKE);;
165;12/10/16;12:30:06;519;247,1;5,93;6,36;25,76;91,861295;FII;RINGVAART (MERELBEKE);;
166;12/10/16;12:36:16;586;337,8;6,16;6,71;27,82;103,65862;FIII;RINGVAART (MERELBEKE);;
167;12/10/16;12:39:57;650;476;6,93;8,54;25,97;113,68092;FIII;RINGVAART (MERELBEKE);;
168;12/10/16;12:46:25;602;327,5;6,7;7;23,69;108,48667;FII;RINGVAART (MERELBEKE);;
169;12/10/16;12:48:19;558;312,2;6,74;7,7;25,28;103,21732;FIII;RINGVAART (MERELBEKE);;
170;12/10/16;12:50:46;284;28,3;3,17;3,57;11,97;30,4352;I;RINGVAART (MERELBEKE);;
171;12/10/16;12:53:20;269;28;3,08;3,1;11;24,68914;I;RINGVAART (MERELBEKE);;
172;12/10/16;12:56:05;551;236,1;6,69;7,73;24;109,31798;FIII;RINGVAART (MERELBEKE);;
173;13/10/16;15:38:52;600;353,9;6;6,58;25,97;102,81419;FII;RINGVAART (MERELBEKE);;
174;13/10/16;15:50:22;678;564;6,76;7,76;28,83;109,39914;FIII;RINGVAART (MERELBEKE);52631;
175;13/10/16;16:01:30;673;592,8;7,69;8,63;33,4;117,94048;FIII;RINGVAART (MERELBEKE);52632;
176;13/10/16;16:12:25;706;705,6;9,71;9,78;36,39;134,80407;FV;RINGVAART (MERELBEKE);52633;
177;13/10/16;16:19:55;756;871;7,04;7,82;38,6;105,34664;FIII;RINGVAART (MERELBEKE);52634;
178;13/10/16;16:29:15;785;1318,2;10,55;10,89;42,4;104,59604;FIV;RINGVAART (MERELBEKE);52635;
179;13/10/16;16:46:03;570;293;6,01;6,19;23,98;98,91994;FII;RINGVAART (MERELBEKE);;
180;13/10/16;16:48:51;486;191,9;5,15;5,85;20,81;80,90078;FII;RINGVAART (MERELBEKE);;
181;13/10/16;16:52:16;860;1272,6;9,42;10,09;45,24;117,375585;FIV;RINGVAART (MERELBEKE);52636;
182;13/10/16;16:59:22;391;92;4,76;4,97;18,86;61,97133;I;RINGVAART (MERELBEKE);;
183;13/10/16;17:01:29;545;342,2;6,32;6,36;25,28;88,29982;FII;RINGVAART (MERELBEKE);;
184;13/10/16;17:05:25;659;562;7,44;7,32;32,03;109,2085;FIII;RINGVAART (MERELBEKE);52637;
185;13/10/16;17:09:54;631;477,8;6,31;7,02;26,76;99,339835;FII;RINGVAART (MERELBEKE);;
186;13/10/16;17:11:12;498;158;5,47;6,08;22,07;91,448585;FII;RINGVAART (MERELBEKE);;
187;13/10/16;17:12:19;454;146,8;5,22;5,4;19,39;74,93719;FII;RINGVAART (MERELBEKE);;
188;13/10/16;17:15:05;423;128,6;4,42;4,41;16,11;61,57833;I;RINGVAART (MERELBEKE);;
189;19/10/16;12:45:13;552;189,2;6,95;7,72;29,38;124,86662;FV;RINGVAART (MERELBEKE);;
190;19/10/16;12:48:59;487;183,6;4,6;4,85;21,75;77,876075;FII;RINGVAART (MERELBEKE);;
191;19/10/16;12:52:07;707;865,2;9,66;9,67;36,71;114,395055;FIV;RINGVAART (MERELBEKE);52638;
192;19/10/16;13:10:23;712;517,2;9,4;9,72;34,39;155,92323;FV;RINGVAART (MERELBEKE);52639;
193;19/10/16;13:25:56;595;506;9,73;9,16;33,77;126,56545;FV;RINGVAART (MERELBEKE);52640;
194;19/10/16;13:37:38;587;230,8;6,36;6,37;27,08;116,01538;FIII;RINGVAART (MERELBEKE);;
195;19/10/16;13:48:22;642;540,3;9,28;9,13;33,27;129,36319;FV;RINGVAART (MERELBEKE);52641;
196;19/10/16;14:00:27;643;500,1;7,85;8,14;33,94;121,16262;FV;RINGVAART (MERELBEKE);52642;
197;19/10/16;14:12:26;768;631,2;7,02;7,29;35,49;132,98052;FIII;RINGVAART (MERELBEKE);52643;
198;19/10/16;14:19:27;606;408,8;7,74;7,74;31,05;116,17421;FV;RINGVAART (MERELBEKE);;
199;19/10/16;14:26:12;608;495,7;8,04;8,36;30,58;109,73578;FV;RINGVAART (MERELBEKE);52644;
200;19/10/16;14:39:45;510;310;6,99;7,64;27,37;94,36353;FV;RINGVAART (MERELBEKE);;
201;19/10/16;14:42:14;541;312;8,31;8,31;29,25;117,45849;FV;RINGVAART (MERELBEKE);;
202;19/10/16;14:45:20;495;200;4,68;6,27;21,55;82,916725;FII;RINGVAART (MERELBEKE);;
203;19/10/16;14:49:37;280;32;2,28;2,48;11,39;23,22094;I;RINGVAART (MERELBEKE);;
204;19/10/16;14:51:56;458;140;5,34;5,89;21,49;80,712225;FII;RINGVAART (MERELBEKE);;
205;19/10/16;14:53:56;355;71;3,77;4,17;15,36;48,41466;I;RINGVAART (MERELBEKE);;
206;20/10/16;12:38:50;488;107,2;5;6,01;21,74;92,872755;FII;RINGVAART (MERELBEKE);;
207;20/10/16;12:43:45;693;520;9,22;10,16;34,56;152,87952;FV;RINGVAART (MERELBEKE);52645;
208;20/10/16;12:49:17;518;224,6;6,84;7,32;24,54;100,99272;FIII;RINGVAART (MERELBEKE);;
209;20/10/16;13:03:39;871;1222;9,37;10,08;42,34;121,052775;FIV;RINGVAART (MERELBEKE);52646;
210;20/10/16;13:14:30;631;237;8,1;7,46;28,23;141,7951;FIII;RINGVAART (MERELBEKE);;
211;20/10/16;13:19:14;570;246;6,12;6,95;26,24;109,88046;FIII;RINGVAART (MERELBEKE);;
212;20/10/16;13:27:29;742;560;9,33;9,28;33,18;151,9705;FV;RINGVAART (MERELBEKE);52647;
213;20/10/16;13:43:50;680;470;8,85;9,42;31,88;144,71352;FV;RINGVAART (MERELBEKE);52648;
214;20/10/16;13:59:05;607;320;8,51;8,28;28,16;131,42044;FV;RINGVAART (MERELBEKE);;
215;20/10/16;14:02:16;627;401,2;7,9;7,89;30,77;123,8714;FIII;RINGVAART (MERELBEKE);;
216;20/10/16;14:04:20;556;310;6,86;7,21;28,2;104,70318;FIII;RINGVAART (MERELBEKE);;
217;20/10/16;14:07:27;367;69;5,76;5,82;17,89;65,82577;MII;RINGVAART (MERELBEKE);;
218;20/10/16;14:12:14;465;88,4;4,93;5,26;16,68;81,687405;FII;RINGVAART (MERELBEKE);;
219;20/10/16;14:14:23;573;317,1;7,54;7,54;29,99;116,22835;FV;RINGVAART (MERELBEKE);;
220;20/10/16;14:17:00;226;13,6;1,88;2,28;11,04;10,26144;I;RINGVAART (MERELBEKE);;
221;20/10/16;14:19:25;526;140,5;5,96;6,8;25,57;108,75528;FIII;RINGVAART (MERELBEKE);;
222;20/10/16;14:21:27;440;114,4;4,9;5,34;17,78;72,37488;FII;RINGVAART (MERELBEKE);;
223;21/10/16;12:03:07;335;56,5;3,52;3,9;15,25;43,63116;I;RINGVAART (MERELBEKE);;
224;21/10/16;12:05:05;406;118;4,67;4,67;19,33;62,00044;I;RINGVAART (MERELBEKE);;
225;21/10/16;12:15:33;636;550,7;8,73;8,73;33,92;121,74104;FV;RINGVAART (MERELBEKE);52649;
226;21/10/16;12:22:12;580;441,4;7,7;7,48;32,98;107,08754;FV;RINGVAART (MERELBEKE);;"ziek; blind"
227;21/10/16;12:28:32;747;901,2;10,19;10,89;40,49;135,53125;FV;RINGVAART (MERELBEKE);52650;
228;21/10/16;12:38:41;620;563,3;7,44;8,11;30,04;99,36888;FIII;RINGVAART (MERELBEKE);52651;
229;21/10/16;12:46:14;764;771,1;7,91;8,66;33,53;122,06854;FIII;RINGVAART (MERELBEKE);52652;
230;21/10/16;13:02:59;810;993,3;10,53;12,18;40,89;149,392185;FIV;RINGVAART (MERELBEKE);52653;
231;21/10/16;13:19:44;680;606,1;8,85;9,74;30,11;124,98139;FV;RINGVAART (MERELBEKE);52654;
232;21/10/16;13:22:31;518;290;7,42;8,17;28,09;106,33257;FV;RINGVAART (MERELBEKE);;
233;21/10/16;13:29:09;575;316,3;5,83;5,83;26,22;97,52527;FII;RINGVAART (MERELBEKE);;
234;21/10/16;13:36:41;519;283,8;7,42;7,78;25,84;100,88224;FV;RINGVAART (MERELBEKE);;
235;21/10/16;13:39:40;590;380,3;7,85;8,9;30,61;123,31701;FV;RINGVAART (MERELBEKE);;
236;23/11/16;12:07:27;298;37,8;3,55;3,81;13,69;35,57254;I;RINGVAART (MERELBEKE);;
237;23/11/16;12:09:33;481;184,1;5,5;5,53;21;80,704405;FII;RINGVAART (MERELBEKE);;
238;23/11/16;12:11:46;491;171,2;5,91;6,38;23,26;91,245795;FII;RINGVAART (MERELBEKE);;
239;23/11/16;12:14:10;310;41,2;3,29;3,9;13,26;37,37391;I;RINGVAART (MERELBEKE);;
240;23/11/16;12:16:14;528;245,9;5,19;6,72;23,92;91,784245;FII;RINGVAART (MERELBEKE);;
241;23/11/16;13:19:16;568;324,3;6,3;6,77;28,99;102,62686;FIII;RINGVAART (MERELBEKE);52655;
242;24/11/16;11:34:49;604;400,1;7,46;8,32;27,74;113,9441;FIII;RINGVAART (MERELBEKE);52656;
243;24/11/16;11:45:32;773;1017,4;9,73;9,73;40,85;118,99081;FIV;RINGVAART (MERELBEKE);52657;
244;24/11/16;12:08:29;932;1830,2;11,86;12,49;48,18;108,747525;FIV;RINGVAART (MERELBEKE);52658;
245;24/11/16;12:36:30;382;89,2;7,08;8,16;21,27;92,85861;MII;RINGVAART (MERELBEKE);;
246;12/09/17;12:58:20;309;38,7;4,38;4,35;15,74;43,19505;I;RINGVAART (MERELBEKE);;
247;12/09/17;13:02:17;490;232,3;5,93;6,02;25,44;84,022545;FII;RINGVAART (MERELBEKE);;
248;12/09/17;13:06:08;274;34;3,13;3,49;25,44;35,33742;I;RINGVAART (MERELBEKE);;
249;12/09/17;13:07:57;589;385,9;6,6;6,68;27,04;99,3351;FIII;RINGVAART (MERELBEKE);;
250;12/09/17;13:13:16;572;321,6;6,67;7,14;27,13;105,2612;FIII;RINGVAART (MERELBEKE);;
251;12/09/17;13:20:15;674;593,3;7,97;8,01;31,37;114,20916;FIII;RINGVAART (MERELBEKE);;hervangst
252;12/09/17;13:22:19;364;63,8;4,49;4,67;17,38;55,9936;I;RINGVAART (MERELBEKE);;
253;12/09/17;13:24:27;640;459,1;7,25;7,27;28,15;111,27768;FIII;RINGVAART (MERELBEKE);;
254;12/09/17;13:26:40;508;196,2;5,36;6,34;20,84;88,99987;FII;RINGVAART (MERELBEKE);;
255;12/09/17;13:28:47;798;1101,9;10,6;11,3;39,88;129,41235;FIV;RINGVAART (MERELBEKE);52659;
256;12/09/17;13:43:18;659;464,7;7,53;8,16;32,31;126,13178;FIII;RINGVAART (MERELBEKE);52660;duidelijke schieraal
257;12/09/17;13:55:52;709;664,3;7,65;7,76;34,76;116,40336;FIII;RINGVAART (MERELBEKE);;hervangst, waarschijnlijk 52666
258;12/09/17;13:59:14;780;1231,4;9,95;10,8;42,61;108,500225;FIV;RINGVAART (MERELBEKE);52661;
259;12/09/17;14:05:30;509;259,7;6,04;6,51;22,93;85,916265;FII;RINGVAART (MERELBEKE);;
260;12/09/17;14:09:24;369;72,6;3,71;3,71;18,74;52,26322;I;RINGVAART (MERELBEKE);;
261;12/09/17;14:12:01;599;475;8,12;8,2;26,76;104,3326;FIII;RINGVAART (MERELBEKE);52662;duidelijke schieraal
262;12/09/17;14:23:53;657;524,6;7,68;8,36;36,67;126,50255;FV;RINGVAART (MERELBEKE);52663;niet echt schieraalkenmerken
263;12/09/17;14:30:26;585;357,3;6,82;7,21;27,26;105,52284;FIII;RINGVAART (MERELBEKE);;
264;12/09/17;14:32:17;397;104;4,86;4,99;19,05;62,57675;I;RINGVAART (MERELBEKE);;
265;12/09/17;14:40:22;548;293,3;5,4;5,97;27,04;92,404515;FII;RINGVAART (MERELBEKE);;
266;12/09/17;14:41:58;560;330,8;6,19;6,3;26,92;94,759575;FII;RINGVAART (MERELBEKE);;
267;12/09/17;14:44:44;640;593;7,75;8,63;33,24;108,9658;FV;RINGVAART (MERELBEKE);30330;
268;13/09/17;12:03:28;297;36,2;3,13;3,35;12,36;32,24648;I;RINGVAART (MERELBEKE);;
269;13/09/17;12:05:38;540;211,2;5,66;5,78;24,15;98,18914;FII;RINGVAART (MERELBEKE);;
270;13/09/17;12:10:19;421;134,9;4,68;4,99;20,06;65,16855;I;RINGVAART (MERELBEKE);;
271;13/09/17;12:12:02;440;154;5,37;5,86;19,79;72,389625;FII;RINGVAART (MERELBEKE);;
272;13/09/17;12:18:49;707;771,2;9,35;10,02;30,84;117,100695;FIV;RINGVAART (MERELBEKE);30369;
273;13/09/17;12:30:47;746;776;7,52;7,68;33,18;109,75356;FIII;RINGVAART (MERELBEKE);30365;
274;13/09/17;12:40:46;820;1106;7,7;8,57;35,44;96,10766;FIII;RINGVAART (MERELBEKE);30366;
275;13/09/17;12:49:37;717;709,5;9,66;10,1;35,37;136,76629;FV;RINGVAART (MERELBEKE);30367;
276;13/09/17;12:57:54;510;288;7,02;7,3;26,11;93,2853;FIII;RINGVAART (MERELBEKE);;
277;13/09/17;12:59:23;432;131,7;4,38;4,95;17,32;65,55097;I;RINGVAART (MERELBEKE);;
278;13/09/17;13:00:35;365;77,5;3,72;3,81;15,11;48,84223;I;RINGVAART (MERELBEKE);;
279;13/09/17;13:03:00;631;466,2;7,18;7,93;29,08;111,6421;FIII;RINGVAART (MERELBEKE);30368;duidelijke schieraal
280;13/09/17;13:11:51;642;451,2;6,65;6,08;27,13;104,132795;FII;RINGVAART (MERELBEKE);;
281;13/09/17;13:13:44;541;249;6,01;6,75;26,72;100,53508;FIII;RINGVAART (MERELBEKE);;
282;14/09/17;11:40:21;225;17;1,67;2,07;9,08;7,28414;I;RINGVAART (MERELBEKE);;
283;14/09/17;11:43:51;370;69,5;4,11;4,16;16,78;53,99363;I;RINGVAART (MERELBEKE);;
284;14/09/17;11:46:05;402;131,4;5,73;6,22;21,17;71,2553;MII;RINGVAART (MERELBEKE);;
285;14/09/17;11:52:54;867;1156,2;8,91;9,59;47,47;127,47925;FIV;RINGVAART (MERELBEKE);30360;
286;14/09/17;11:59:21;397;107,5;3,9;3,9;20;57,0974;I;RINGVAART (MERELBEKE);;
287;14/09/17;12:02:21;501;222,2;5,39;5,68;9,67;72,60289;I;RINGVAART (MERELBEKE);;
288;14/09/17;12:04:01;335;66;4,27;4,47;12,97;71,30666;MII;RINGVAART (MERELBEKE);;
289;14/09/17;12:07:42;640;539,3;6,43;7,92;27,96;100,09352;FIII;RINGVAART (MERELBEKE);30364;
290;14/09/17;12:17:04;682;621,3;6,2;7,26;30,17;99,99868;FIII;RINGVAART (MERELBEKE);30363;
291;14/09/17;12:24:27;606;419,7;6,87;6,93;32,59;108,73068;FIII;RINGVAART (MERELBEKE);;
292;15/09/17;11:39:05;439;167,2;4,69;5,07;16,04;63,81744;I;RINGVAART (MERELBEKE);;
293;15/09/17;11:40:15;354;75;4,27;4,56;17,4;51,46119;I;RINGVAART (MERELBEKE);;
294;15/09/17;11:41:22;430;118,9;4,11;5,17;16,86;66,02828;I;RINGVAART (MERELBEKE);;
295;15/09/17;11:43:10;507;221,1;5,76;6,16;28,23;92,52316;FII;RINGVAART (MERELBEKE);;
296;15/09/17;11:45:08;554;257,4;5,96;6,14;24,57;98,95701;FII;RINGVAART (MERELBEKE);;
297;15/09/17;11:47:16;440;135,9;5,08;5,18;20,95;72,41011;FII;RINGVAART (MERELBEKE);;
298;15/09/17;11:48:45;498;202,8;5,36;6,27;24,04;87,764525;FII;RINGVAART (MERELBEKE);;
299;15/09/17;11:51:42;504;190,2;5,74;6,37;24,07;92,671145;FII;RINGVAART (MERELBEKE);;
300;15/09/17;11:55:23;544;275,5;5,14;6,28;29,98;96,11491;FII;RINGVAART (MERELBEKE);;
301;15/09/17;11:56:54;531;253,3;5,6;5,6;23,09;88,66912;FII;RINGVAART (MERELBEKE);;
302;15/09/17;11:58:48;550;312,1;7,45;7,99;28,66;111,17114;FV;RINGVAART (MERELBEKE);;
303;15/09/17;12:02:08;735;846,8;9,09;10,2;40,12;128,1608;FV;RINGVAART (MERELBEKE);30361;
304;15/09/17;12:04:08;438;116,4;4,53;5,19;17,66;69,9456;I;RINGVAART (MERELBEKE);;
305;15/09/17;12:06:07;575;393,1;6,57;7,12;28,25;97,79806;FIII;RINGVAART (MERELBEKE);;
306;15/09/17;12:15:56;448;135,7;4,85;5,01;20,04;72,63513;FII;RINGVAART (MERELBEKE);;
307;15/09/17;12:18:05;580;428,5;8,26;8,56;36,7;125,86934;FV;RINGVAART (MERELBEKE);30331;
308;15/09/17;12:40:26;720;534,9;7,25;8,26;30,26;131,05356;FIII;RINGVAART (MERELBEKE);30335;
309;19/09/17;13:10:48;472;195,2;5,17;5,82;23,41;78,629945;FII;RINGVAART (MERELBEKE);;
310;19/09/17;13:13:14;190;14,2;2,06;2,19;9,24;0,62901;I;RINGVAART (MERELBEKE);;
311;19/09/17;13:14:55;418;133,9;4,69;5,01;18,77;63,84168;I;RINGVAART (MERELBEKE);;
312;19/09/17;13:17:25;479;208,6;5,24;5,61;21,96;77,277955;FII;RINGVAART (MERELBEKE);;
313;19/09/17;13:20:12;630;555,5;9,17;9,26;32,27;151,84543;FV;RINGVAART (MERELBEKE);30332;
314;19/09/17;13:26:45;571;311,1;6,23;6,5;27,3;101,59732;FIII;RINGVAART (MERELBEKE);;
315;19/09/17;13:31:45;615;494;7,41;7,52;29,96;103,85194;FIII;RINGVAART (MERELBEKE);30333;diudelijk schieraal kenmerk
316;19/09/17;13:44:25;570;363,2;7,27;8,1;28,01;107,5624;FIII;RINGVAART (MERELBEKE);;
317;19/09/17;13:46:01;239;17,4;2,33;2,34;9,54;13,49027;I;RINGVAART (MERELBEKE);;
318;19/09/17;13:47:33;573;313,1;6,45;7,45;26,38;106,14406;FIII;RINGVAART (MERELBEKE);;
319;19/09/17;13:52:19;404;109,4;4,36;4,38;19,57;60,9288;I;RINGVAART (MERELBEKE);;
320;19/09/17;13:53:48;644;614,3;8,84;9,44;30,85;114,56361;FV;RINGVAART (MERELBEKE);30334;
321;19/09/17;14:01:39;715;676,3;7,93;9,61;32,83;123,97812;FIII;RINGVAART (MERELBEKE);;hervangst
322;19/09/17;14:03:44;653;670,8;6,94;7,35;35,13;95,23472;FIII;RINGVAART (MERELBEKE);30336;
323;19/09/17;14:15:04;646;469,2;6,95;7,55;32,97;117,28114;FIII;RINGVAART (MERELBEKE);;
324;19/09/17;14:17:35;462;167,8;4,7;5,97;22,8;77,623445;FII;RINGVAART (MERELBEKE);;
325;19/09/17;14:19:41;304;42,9;3,81;4,36;14,9;39,46281;I;RINGVAART (MERELBEKE);;
326;19/09/17;14:20:48;590;323;7,61;8,47;30,94;127,5219;FV;RINGVAART (MERELBEKE);;
327;19/09/17;14:23:18;492;209,6;5,41;5,77;23,51;83,26331;FII;RINGVAART (MERELBEKE);;
328;19/09/17;14:25:46;575;416,7;7,8;8,62;32,82;116,69786;FV;RINGVAART (MERELBEKE);30337;
329;19/09/17;14:41:09;270;47,4;3,03;3,48;12,92;24,92991;I;RINGVAART (MERELBEKE);;Opgeblazen zwemblaas
330;20/09/17;12:00:08;388;91,1;4,4;4,57;18,16;58,80525;I;RINGVAART (MERELBEKE);;
331;20/09/17;12:01:41;352;70,8;4,11;4,16;13,14;47,26227;I;RINGVAART (MERELBEKE);;
332;20/09/17;12:03:28;530;241,8;6,77;7,02;24,51;100,44788;FIII;RINGVAART (MERELBEKE);;
333;20/09/17;12:07:30;687;684,4;7,43;8,06;37,83;111,68372;FIII;RINGVAART (MERELBEKE);30339;
334;20/09/17;12:16:39;675;605,6;7,75;8,58;31,85;115,08832;FIII;RINGVAART (MERELBEKE);30338;
335;20/09/17;12:24:33;411;139,7;6,34;7,58;20,65;83,23783;MII;RINGVAART (MERELBEKE);;
336;20/09/17;12:27:10;794;1211,2;9,2;10,41;37,45;100,339435;FIV;RINGVAART (MERELBEKE);30344;
337;20/09/17;12:29:58;467;119,5;5,62;5,74;23,62;88,06442;FII;RINGVAART (MERELBEKE);;buik gezwollen
338;20/09/17;12:40:48;596;437,2;8,05;8,19;28,97;110,85565;FV;RINGVAART (MERELBEKE);30343;
339;20/09/17;12:50:20;531;299,3;5,39;6,06;26,98;87,007315;FII;RINGVAART (MERELBEKE);;
340;20/09/17;12:51:32;509;285,7;6,32;6,45;27,2;87,52708;FIII;RINGVAART (MERELBEKE);;
341;20/09/17;12:52:33;500;221,5;5,68;6,53;25,19;88,884555;FII;RINGVAART (MERELBEKE);;
342;20/09/17;13:00:07;184;10,5;2,42;2,47;9,33;1,40659;I;RINGVAART (MERELBEKE);;
343;20/09/17;13:01:48;549;315,1;7,18;7,4;29,25;106,21881;FV;RINGVAART (MERELBEKE);;
344;20/09/17;13:03:27;478;195;6,07;6,15;20,7;82,17557;FII;RINGVAART (MERELBEKE);;
345;20/09/17;13:05:54;671;553,1;7,63;8,15;33,9;120,55422;FIII;RINGVAART (MERELBEKE);30342;
346;20/09/17;13:18:12;765;939,6;8,23;9,01;29,99;99,81594;FIII;RINGVAART (MERELBEKE);30341;
347;20/09/17;13:24:54;426;108,4;4,59;4,66;24,61;71,564055;FII;RINGVAART (MERELBEKE);;
348;21/09/17;11:22:35;521;240,1;6,02;6,69;24,4;93,560285;FII;RINGVAART (MERELBEKE);;
349;21/09/17;11:23:55;550;280,3;6,18;6,3;24,54;96,1845;FII;RINGVAART (MERELBEKE);;
350;21/09/17;11:26:11;686;640,3;7,52;8,51;34,51;115,53934;FIII;RINGVAART (MERELBEKE);30340;
351;21/09/17;11:36:40;471;210,2;5,41;5,49;23,94;76,61487;FII;RINGVAART (MERELBEKE);;
352;21/09/17;11:39:44;604;556,6;8,12;9,37;32,26;110,35934;FV;RINGVAART (MERELBEKE);30345;
353;21/09/17;11:51:42;640;490,7;6,88;7,69;29,67;109,28882;FIII;RINGVAART (MERELBEKE);;
354;21/09/17;11:56:27;582;349,2;6,12;6,43;28,06;99,91722;FIII;RINGVAART (MERELBEKE);;
355;21/09/17;12:02:20;513;267,4;5,56;6;25,01;84,56044;FII;RINGVAART (MERELBEKE);;
356;21/09/17;12:04:06;620;438,3;7,84;8,8;32,81;126,00749;FV;RINGVAART (MERELBEKE);30346;
357;21/09/17;12:14:53;639;472,4;7,62;8,36;32,47;121,22243;FV;RINGVAART (MERELBEKE);30347;
358;21/09/17;12:25:49;805;1089,1;8,93;9,31;41;111,33214;FIV;RINGVAART (MERELBEKE);30348;
359;21/09/17;12:33:53;445;156,8;5,58;5,88;19,31;73,82949;FII;RINGVAART (MERELBEKE);;
360;21/09/17;12:35:17;385;92,6;4,11;4,25;16,51;55,21262;I;RINGVAART (MERELBEKE);;
361;21/09/17;12:36:24;531;263,7;6,21;6,46;26,58;95,29284;FIII;RINGVAART (MERELBEKE);;
362;21/09/17;12:37:33;551;286,6;5,19;6,22;26,27;93,587295;FII;RINGVAART (MERELBEKE);;
363;21/09/17;12:39:54;686;650,2;7,11;7,47;32,38;105,16108;FIII;RINGVAART (MERELBEKE);30349;
364;10/10/17;11:48:31;415;99,3;4,79;4,9;19,11;67,03351;I;RINGVAART (MERELBEKE);;
365;10/10/17;11:49:30;520;251,5;6,25;6,99;25,78;95,41242;FIII;RINGVAART (MERELBEKE);;
366;10/10/17;11:51:12;531;275,2;6,19;6,7;27,26;95,63798;FIII;RINGVAART (MERELBEKE);;
367;10/10/17;11:53:10;520;233,6;6,09;6,34;22,89;91,893625;FII;RINGVAART (MERELBEKE);;
368;10/10/17;11:56:31;501;195,4;5,42;5,94;21,75;86,73386;FII;RINGVAART (MERELBEKE);;
369;10/10/17;11:58:36;187;9,1;1,92;2,01;7,88;-1,26859;I;RINGVAART (MERELBEKE);;
370;10/10/17;12:03:04;584;364;5,46;6,28;31,19;98,60854;FIII;RINGVAART (MERELBEKE);;
371;10/10/17;12:07:50;771;1091;10,06;11,39;39,11;120,959875;FIV;RINGVAART (MERELBEKE);30350;
372;10/10/17;12:09:10;344;77,2;3,83;4,56;15,84;46,62563;I;RINGVAART (MERELBEKE);;
373;10/10/17;12:20:11;640;460,7;7,25;7,9;30;116,1302;FIII;RINGVAART (MERELBEKE);;
374;10/10/17;12:28:17;791;907,5;10,02;10,89;41,18;145,5161;FV;RINGVAART (MERELBEKE);;Knakaal
375;10/10/17;12:33:24;446;156;5,06;5,59;22,26;74,003655;FII;RINGVAART (MERELBEKE);;
376;10/10/17;12:39:04;765;906,9;7,82;8,63;40,02;112,22664;FIII;RINGVAART (MERELBEKE);30351;
377;10/10/17;12:46:01;650;573;7,46;7,74;33,07;108,52454;FIII;RINGVAART (MERELBEKE);;
378;10/10/17;12:47:22;382;83,3;4,61;4,63;17,56;58,57596;I;RINGVAART (MERELBEKE);;
379;10/10/17;12:48:24;262;29;2,84;2,96;10,87;21,75358;I;RINGVAART (MERELBEKE);;
380;10/10/17;12:51:17;459;153,5;5,19;5,35;22,89;78,19761;FII;RINGVAART (MERELBEKE);;
381;10/10/17;13:07:01;750;885,4;10,39;11,18;41,55;143,39979;FV;RINGVAART (MERELBEKE);30352;
382;11/10/17;11:51:46;442;155,5;5,37;5,51;20,25;71,99988;FII;RINGVAART (MERELBEKE);;
383;11/10/17;11:52:51;578;328,2;7,02;7,24;24,86;105,46916;FIII;RINGVAART (MERELBEKE);;
384;11/10/17;11:53:47;430;133,7;5,17;5,35;20,66;70,4436;FII;RINGVAART (MERELBEKE);;
385;11/10/17;11:54:58;441;174,2;5,19;5,18;21,82;69,002155;FII;RINGVAART (MERELBEKE);;
386;11/10/17;11:59:05;436;131,2;5,08;5,25;21,79;72,789475;FII;RINGVAART (MERELBEKE);;
387;11/10/17;12:00:23;501;156,9;5,54;5,71;25,58;94,391415;FII;RINGVAART (MERELBEKE);;
388;11/10/17;12:01:29;660;482,5;7,27;7,84;28,04;116,46272;FIII;RINGVAART (MERELBEKE);;
389;11/10/17;12:02:34;609;426,6;6,79;7,41;29,43;106,78086;FIII;RINGVAART (MERELBEKE);;
390;11/10/17;12:03:50;561;317,8;6,64;6,86;28,53;102,90686;FIII;RINGVAART (MERELBEKE);;
391;11/10/17;12:08:28;375;114;6,87;7,33;20,74;81,7101;MII;RINGVAART (MERELBEKE);;
392;11/10/17;12:10:35;630;422,3;6,73;6,85;31,5;112,83022;FIII;RINGVAART (MERELBEKE);;
393;11/10/17;12:11:58;316;54,6;3,63;3,62;14,3;38,18365;I;RINGVAART (MERELBEKE);;
394;11/10/17;12:13:20;671;495,8;7,37;8,1;34,51;127,1406;FIII;RINGVAART (MERELBEKE);;
395;11/10/17;12:16:18;10,9;NA;NA;NA;NA;NA;NA;RINGVAART (MERELBEKE);;
396;11/10/17;12:17:32;572;365;6,92;7,87;26,62;103,6095;FIII;RINGVAART (MERELBEKE);;
397;11/10/17;12:18:56;637;563,7;7,02;8,02;28,19;99,56884;FIII;RINGVAART (MERELBEKE);;
398;12/10/17;10:58:54;466;180;5,34;5,91;21,98;78,477115;FII;RINGVAART (MERELBEKE);;
399;12/10/17;11:08:42;648;472,6;7,15;7,34;31,72;115,8863;FIII;RINGVAART (MERELBEKE);;
400;12/10/17;11:18:12;646;505,7;7,64;7,84;32,18;116,17478;FIII;RINGVAART (MERELBEKE);;
401;12/10/17;11:27:47;840;1288,1;9,43;10,54;43,35;111,897395;FIV;RINGVAART (MERELBEKE);30356;
402;12/10/17;11:35:30;703;605,8;7,93;8,27;33,39;124,13118;FIII;RINGVAART (MERELBEKE);;
403;12/10/17;11:48:07;770;775,9;8,12;8,75;35,82;127,21192;FIII;RINGVAART (MERELBEKE);;hervangst
